<?xml version="1.0" encoding="UTF-8"?>
<project-private xmlns="http://www.netbeans.org/ns/project-private/1">
    <editor-bookmarks xmlns="http://www.netbeans.org/ns/editor-bookmarks/2" lastBookmarkId="1">
        <file>
            <url>index.html</url>
            <bookmark id="1">
                <name/>
                <line>555</line>
                <key/>
            </bookmark>
        </file>
    </editor-bookmarks>
    <open-files xmlns="http://www.netbeans.org/ns/projectui-open-files/2">
        <group>
            <file>file:/C:/xampp/htdocs/project/admin/includes/nav.php</file>
            <file>file:/C:/xampp/htdocs/project/admin/forgotpass.php</file>
            <file>file:/C:/xampp/htdocs/project/admin/delivery_boy.php</file>
            <file>file:/C:/xampp/htdocs/project/admin/Profile.php</file>
            <file>file:/C:/xampp/htdocs/project/admin/includes/scripts.php</file>
            <file>file:/C:/xampp/htdocs/project/admin/Products.php</file>
            <file>file:/C:/xampp/htdocs/project/admin/login.php</file>
            <file>file:/C:/xampp/htdocs/project/admin/Reports.php</file>
            <file>file:/C:/xampp/htdocs/project/admin/index.php</file>
            <file>file:/C:/xampp/htdocs/project/admin/includes/navbar.php</file>
            <file>file:/C:/xampp/htdocs/project/admin/Edit.php</file>
            <file>file:/C:/xampp/htdocs/project/admin/ChangePass.php</file>
            <file>file:/C:/xampp/htdocs/project/admin/vendor.php</file>
        </group>
    </open-files>
</project-private>
